MAIOR PILHA, TEMPO, MMOSP
8, 0.516, 8.7421875
8, 0.517, 8.7421875
